"","MEantiquewhite1","MEantiquewhite2","MEantiquewhite4","MEbisque4","MEblack","MEblue","MEblue2","MEblue4","MEblueviolet","MEbrown","MEbrown2","MEbrown4","MEchocolate4","MEcoral","MEcoral1","MEcoral2","MEcoral3","MEcoral4","MEcyan","MEdarkgreen","MEdarkgrey","MEdarkmagenta","MEdarkolivegreen","MEdarkolivegreen1","MEdarkolivegreen2","MEdarkolivegreen4","MEdarkorange","MEdarkorange2","MEdarkred","MEdarkseagreen2","MEdarkseagreen3","MEdarkseagreen4","MEdarkslateblue","MEdarkturquoise","MEdarkviolet","MEdeeppink","MEfirebrick2","MEfirebrick3","MEfirebrick4","MEfloralwhite","MEgreen","MEgreen4","MEgreenyellow","MEgrey","MEgrey60","MEhoneydew","MEhoneydew1","MEindianred2","MEindianred3","MEindianred4","MEivory","MElavenderblush1","MElavenderblush2","MElavenderblush3","MElightblue3","MElightblue4","MElightcoral","MElightcyan","MElightcyan1","MElightgreen","MElightpink2","MElightpink3","MElightpink4","MElightskyblue4","MElightslateblue","MElightsteelblue","MElightsteelblue1","MElightyellow","MEmagenta","MEmagenta3","MEmagenta4","MEmaroon","MEmediumorchid","MEmediumpurple","MEmediumpurple1","MEmediumpurple2","MEmediumpurple3","MEmediumpurple4","MEmidnightblue","MEmistyrose","MEnavajowhite","MEnavajowhite1","MEnavajowhite2","MEorange","MEorangered","MEorangered1","MEorangered3","MEorangered4","MEpaleturquoise","MEpalevioletred1","MEpalevioletred2","MEpalevioletred3","MEpink","MEpink3","MEpink4","MEplum","MEplum1","MEplum2","MEplum3","MEplum4","MEpurple","MEred","MEroyalblue","MEsaddlebrown","MEsalmon","MEsalmon1","MEsalmon2","MEsalmon4","MEsienna2","MEsienna3","MEsienna4","MEskyblue","MEskyblue1","MEskyblue2","MEskyblue3","MEskyblue4","MEslateblue","MEsteelblue","MEtan","MEtan4","MEthistle","MEthistle1","MEthistle2","MEthistle3","MEthistle4","MEturquoise","MEviolet","MEwhite","MEyellow","MEyellow2","MEyellow3","MEyellow4","MEyellowgreen"
"X.NAC..CN..171..1.0..0.024736.",-0.144631223344674,0.210644761037682,0.114052447320665,0.349916545660296,0.0763689781487489,0.20738946374875,-0.288393102889355,-0.217448705130763,-0.389162387028523,0.210899684623093,-0.281560670984592,0.315370420761806,-0.236712966692155,0.0456864285497109,-0.192739453960973,0.315874548351232,-0.238256032598411,-0.270150412801823,0.32037182505448,0.235569495081129,0.263259842109985,0.137950164044989,0.25858406099034,0.288424767646091,0.18651236258841,-0.308675445022898,0.28312605680563,0.19390097931442,0.259039778179344,0.256064348897556,-0.255120869185789,-0.16511736597346,0.325627245531267,0.237797969613548,-0.192037864634359,-0.179004167078943,0.308407477231822,-0.191532984767821,-0.173870948620017,0.192238407158002,0.154210242504743,0.208976091882342,0.340480403630065,0.247631379770179,0.35882377878052,-0.28451137109621,0.270613408937085,-0.190746805665858,0.215538820356241,-0.212248487574714,-0.294060715219997,0.111348352307708,-0.122288232162029,0.0659004498511792,-0.0624092354484172,-0.196605885435582,-0.189560160943878,-0.0763127262803151,0.195683407378598,0.155243611423513,-0.20273017891363,-0.173930509510347,-0.00306970546785694,0.0786205086686851,-0.219237133170923,0.0379520281493181,0.2752497382721,0.429099381951246,0.239353025716421,-0.209737048647797,-0.127760394222789,0.300504317033289,0.0795250880966018,-0.201510239139701,0.0663150077136852,0.197601199890021,-0.000886502526202396,-0.0873122684673253,0.32903409995185,-0.0943508326293005,0.194606486947692,0.238866701193878,-0.248587912900383,-0.264620741412863,0.323217007706206,-0.272817071625758,-0.299688392392483,0.298783666700396,0.15288365266228,-0.17505386627609,0.159878642841359,0.0353752247025946,0.457190059531845,0.0928163014225744,-0.175632011622501,-0.0864124275930731,0.335515198508283,0.194196743162398,-0.0932230861886649,-0.414280103296496,0.413254324460795,0.246202476878134,0.161254613396369,0.232325193446166,-0.0134561128565117,0.296350061668667,0.13866424638986,0.265660372013788,-0.244603079040663,0.0586449539832541,-0.184058922763943,-0.01069372635153,0.216223073247242,0.145180707078651,0.325473051365738,-0.213976232907201,-0.0422182341625069,0.0102804473374778,0.267060542658396,0.21114931324997,0.264001259681514,0.398266529471795,-0.315232955196637,-0.0877109647432697,-0.225007652015048,0.0716142660981851,0.209303923447504,-0.00804918173855745,0.149600312676003,0.295239380953288,-0.0694751048617153,-0.0647572038256322,-0.0976683794173389
"X.NAC..CN..175..1.0..0.177900.",-0.464570840540152,0.264026836352207,0.112576433147528,0.311417647380037,0.043230065493243,0.339835128778825,-0.477786430519318,-0.484254741888664,-0.455435956317993,0.214744317074455,-0.39509903320382,0.508651965190541,-0.479651895252537,0.123583159099155,-0.456491073303431,0.531516608175887,-0.407983828639052,-0.540743856643715,0.495480323179496,0.409285597035349,0.446016901884152,0.1368880709156,0.442084872274667,0.390165084744066,0.0138756532660882,-0.482373448824257,0.394694452218427,0.254870835294845,0.465493158707663,0.551250406826249,-0.504155997768534,-0.454051748125168,0.337735781156694,0.289435297914807,-0.299778122063335,-0.515489986946167,0.249645366689409,-0.434625901184678,-0.386162695155419,0.247511137633943,0.304400182954936,0.480358169924852,0.560650479964479,0.134260788211682,0.251192497273269,-0.495304820540942,0.52051224030179,-0.257278429625735,0.346867899538346,-0.431653996026071,-0.455459861385503,0.419565410630948,-0.354178800279935,-0.0157793412174282,-0.3726303110494,0.019303243513914,-0.422180046351038,-0.260033535879182,0.354130160180903,0.155965115329266,-0.398742431161108,-0.437998214363947,-0.0515526562968918,0.128879232098259,-0.537694133901374,0.0339562327186327,0.369492710790122,0.319481497786605,0.408348093904601,-0.121455811039755,-0.369795608645869,0.492480089250851,0.169137758978262,-0.463868370949045,0.0299535004670038,0.292613820140973,-0.12313399790553,-0.170858453458026,0.554326388658013,-0.160577908614138,0.54285899824176,0.514102831888388,-0.458757597911522,-0.380439289999076,0.500338518344803,-0.409163827179967,-0.469509045140335,0.527970714056895,0.153068442634008,0.0995221796272836,0.0938317868381672,0.0264746884337754,0.315009257437033,0.288738366575664,-0.419634812060427,-0.286382819409999,0.539983193828285,0.48087389146602,-0.32609254208676,-0.291485569853347,0.431684234460427,0.300921471509066,0.331897007338628,0.222151277760489,-0.103317989269688,0.429340323758575,0.437195168677581,0.280590263606741,-0.490317575275396,-0.0967250790237339,-0.229864949012477,-0.135287413418926,0.41683491939402,0.0743984994748955,0.358284967758514,-0.427403607827856,-0.214695522160976,-0.00455700265208629,0.381186372273777,0.284205967448297,0.485690727290652,0.381324530035865,-0.515787365878791,-0.213194778448602,-0.47921275958,0.124913523067562,0.323844673840255,-0.213275377308144,0.146281319896543,0.49776788747932,-0.260963870941534,-0.361404586940563,-0.290683194628096
"X.test_NAC..SN..182..1.0..0.000818.",-0.0153298186324907,0.259372749644197,0.100594112185756,0.300062270785107,0.242695122546706,-0.00524166913377405,-0.00972848946033694,-0.00681476623566962,-0.0236741180978018,0.300035419907463,-0.134692869885545,0.058879713127596,-0.0697779539281178,-0.213783748784345,-0.0633063218815659,0.192920008047118,0.204321889898582,-0.0607563465719578,0.0578408282740599,0.259597329141028,0.211536846780034,-0.0146819597824627,0.189047530810624,-0.0128382021263411,0.345529467736568,0.0655185211766085,0.317740945732084,0.339018086950045,0.222980210021916,0.051217386210537,-0.130384689774367,-0.0777927866461184,0.332729003320427,0.309367131655511,-0.11396760862473,0.0131209683042021,0.0792793049144531,-0.0609136892855374,-0.153076439228643,-0.0767131881162535,0.235200532889207,-0.00703550289971011,0.131047288485788,0.233712713734082,0.182424535680883,-0.0458552666375759,0.170139721787024,0.288843687644151,-0.227943580872721,-0.193207238602443,0.0729709604492975,-0.0550287658262896,-0.0887349192169857,-0.302071353732834,0.0242540005701222,-0.0306283105752596,-0.105329135304673,-0.125322834554231,0.19442376336812,0.170363837413581,-0.131165301056647,-0.0470142973717476,-0.148272555279193,-0.225253986727073,-0.0523345357048897,-0.180580076042713,0.320199353414068,0.272191292217224,0.202565193284567,-0.0214890393013896,-0.172754452950563,0.171976455988074,0.134957407769778,0.0169055849520247,0.350786849830807,0.26897814748974,0.0234045801740114,-0.285114788453246,0.080709665991958,-0.140199849715642,0.10340393424325,0.186282501384441,-0.0323610330714579,-0.0851949470402049,-0.00669615387693314,-0.0484859474890572,-0.138114086276374,0.173582393514318,0.299370894778881,-0.182442163436478,0.255171311834451,-0.2393534448486,0.238562680795157,-0.121507790518788,-0.130078921422953,-0.135905849602155,0.133495851221062,0.218632190947987,-0.159925665073491,-0.146423097325868,0.277970213076014,0.272769812538978,0.203017082410572,0.30351730531462,0.0971608492016841,0.0618785660318882,-0.0470476482652908,0.280684942029618,-0.0938044356223333,0.31573969950844,0.16794922717807,0.209919303113155,0.22686978245482,0.308427407842795,0.304714571780208,0.219647012521224,0.190513437597972,-0.160235012595381,-0.0500389941635067,-0.104536795033259,0.0865404963898807,0.304908859238086,-0.0419515162399731,-0.177631548677854,-0.0203441484769817,-0.144505758739496,0.224210733937482,0.270239143392111,0.310139221775009,0.0664859639046969,-0.168753928418877,-0.153786047318532,-0.070406692204821
"X.NAC..CN..183..1.0..0.030263.",0.131247945083511,-0.191214632881521,-0.0449070903449663,0.105188907207994,-0.152764483155109,0.162721303673901,0.0267359477596138,0.0464089023462487,-0.0983674511294124,-0.172991532129686,0.118318962359472,0.0826031948716278,0.0583088357120366,0.0526630773299958,0.0858127710832607,-0.0410595300620271,-0.0760967682240318,-0.0652083809326893,0.111576241413932,-0.14791607135335,-0.127694313382117,0.135315079575453,-0.157720706519313,0.029824310270504,-0.149294161599413,-0.00706133942872524,-0.108560627788797,-0.220860085483917,-0.12589109792277,0.0486443934703296,0.0474855645662192,0.104603146268007,-0.100824141162551,-0.184448446858833,0.105188339859035,0.032124281280045,0.200315712755154,0.110941247216125,0.121605783998176,0.141115056485903,-0.13814262805251,0.0488454808152543,0.0330710864585915,0.196560942027972,0.169964989464107,-0.0806834569933469,-0.0553837339396231,-0.187466046905019,0.0365018506119449,0.124654409231706,-0.109241329229602,0.0388032666289311,0.115521175102971,0.146407152634077,0.0269665429775686,-0.0548363941532167,0.114202387659927,0.155615229059755,-0.17148771246388,-0.0382668716793984,0.113380395965121,0.0840442243177175,0.15957346273801,0.100464839335216,0.0100715677498459,0.125698813966464,-0.131713058447124,0.131764276821457,-0.134653521560599,-0.072652192747985,0.163412447184226,-0.0800123736779684,0.129237010182903,0.0360750482998906,-0.161613780326842,-0.191169117960226,0.160039100648727,0.0718117378565529,0.0641409860700447,0.154457143595845,0.0123540382308229,-0.134860772484436,0.0782888963389593,0.0856078053422325,0.0921876865846713,-0.0105384256588371,0.0374477025599861,-0.0160132313022063,-0.128894675493074,0.035822549013125,0.119279899980672,0.117967805000394,0.168103424268812,0.091185632243334,0.0901341606182855,0.120276410187622,-0.00613440580650951,-0.119081275943011,0.102308932507482,-0.151399698489853,0.0203596578682942,-0.185152800705644,-0.152459539410417,-0.220074051895577,0.0196269223826176,0.083920066952532,-0.0452106513236611,-0.204720289918401,0.0437138950577313,-0.0588810478602341,-0.147660702463512,-0.0897209476895353,-0.168070543562155,-0.166721417013003,-0.0062024474115925,-0.0227492001685167,-0.177381711460777,0.174409387889731,0.111887961234591,0.031984323665888,-0.0695710414649005,0.0446847191366935,0.00917249270568744,0.163686799922519,0.0829486948816647,0.132175662767291,-0.153524598179663,0.00798602839278837,-0.186929149038903,-0.0599173144976118,0.122393016287761,0.127804902043676,0.139529633030831
"X.NAC..SN..185..1.0..0.000285.",0.23982524630553,0.0852267538353476,0.175224133130051,-0.248537262523707,0.500600033030885,-0.755734495495617,0.429744954538379,0.482968067048469,0.471243226826273,0.262355935769626,0.114853592782535,-0.59246082648442,0.250796641293058,-0.616927508610744,0.171465488742717,-0.223686466827951,0.674314850840606,0.371098724744431,-0.602282959060748,0.0232994760680073,-0.144792247265442,-0.643455971288628,-0.122900609026688,-0.319709710440531,0.249122227768598,0.637747272205723,-0.0923175947184615,0.20610597631069,-0.152417521987803,-0.490703761153681,0.241324785044544,0.0100565276037535,0.0177212362296869,0.150686050196289,0.445735244028463,0.370409911259833,-0.034562720516556,0.0397481241224092,0.00615352572028774,-0.757032538553063,0.106697364649478,-0.600833435563038,-0.396627118141742,-0.278837380226037,-0.447345428013676,0.385690341884812,-0.331603162235941,0.566209896201159,-0.703576997753694,0.0803524411007505,0.676700054595385,-0.182209337444727,-0.13168897421907,-0.551185752578268,0.0542446419076153,-0.249059498491311,0.154500723510167,-0.269276915705103,0.0317360923355023,0.298930734690907,-0.00875809561199187,0.0866981756344542,-0.626038938504047,-0.674266503982028,0.392053465195242,-0.654507195768164,-0.0225024438748092,-0.503073288534411,-0.0833690061644348,0.298879981838125,-0.110612725350601,-0.316655473427965,-0.670905852547403,0.254278181850904,0.443746300318947,0.142604424264496,-0.466529491356071,-0.256226890541733,-0.51862605324304,-0.407772070710755,-0.397314621344709,-0.206988752160332,0.272711745194573,0.187714482706492,-0.567463371782755,0.206526963848981,0.303992856006416,-0.354222700523318,0.394855599302117,-0.516184439438098,0.445763977612003,-0.641581165943488,-0.245684431119048,-0.71903402154702,0.120623675036602,-0.188031977564609,-0.38082890209293,-0.194941710368805,-0.173240941913117,0.313186627673174,-0.200084943265444,0.0905015541560696,0.098820715684191,0.234159273970497,0.506165135666842,-0.424214875930076,-0.290340378197326,0.160366198945103,0.34858517550065,0.589363729925952,0.718941029175126,0.638733425819834,-0.0722738021674543,0.466450223255349,-0.00676034665085108,0.550169416190947,0.63335889122608,-0.591218037682751,-0.722121972687122,-0.548011395739644,-0.387009759475038,-0.161927498496325,0.499561407671111,-0.314074398320125,0.277113338335926,-0.746953427272828,0.109395176153569,0.69661310957962,0.342848891019781,-0.368550013054028,-0.258136640840252,-0.100218945966502,-0.250263444068509
"X.NAC..SN..191..1.0..0.018520.",0.239564217683924,-0.34004664248148,0.316615058705401,-0.136406070542071,-0.0403052082616411,-0.0334023732000696,0.286540497963057,0.0894363854378097,0.151670897713574,-0.223479718126103,0.383122679227296,-0.203261253703369,0.257963364997937,0.18854244290192,0.253410089508809,-0.340070779470684,0.107799368618177,0.177795855053479,-0.175872625127974,-0.270911629856505,-0.317350263227032,0.0135678238672593,-0.268636355515844,0.167146685369063,-0.112847789450892,0.254909071183242,-0.364816861142402,-0.315157135045381,-0.333909029278492,-0.212757267448268,0.257335798117732,0.280526973394381,-0.338068399330775,-0.321646309590306,0.369017240290657,0.227461015751935,0.176295813515311,0.241854369571216,0.314349431356016,0.042707680900125,-0.0603097911684898,-0.0748473148008455,-0.319764976849685,0.240932051605776,-0.0638036992976747,0.192592024913954,-0.350326828357371,-0.0553203860458723,0.0148860058348257,0.308664575973071,0.257105078531374,0.019805945229106,0.225940384639996,0.203933414771232,0.220583371036897,0.234992274715775,0.33730582004152,0.209559475949808,-0.243820224796439,0.0284900615451812,0.270497291673607,0.240138276888086,0.199809743638821,0.0764896229394488,0.256206912380066,0.126553976517608,-0.338560249715385,-0.114160742698953,-0.229596416337052,0.0916745749926051,0.242079667414214,-0.334316297573785,-0.0908174380770105,0.187701376300741,-0.195379872985083,-0.316634688661764,0.0844342400481457,0.369611279764324,-0.280737360553994,0.28605869945993,-0.267351984000782,-0.311813535871368,0.241435703705693,0.446988053822194,-0.112472410726057,0.18945952434915,0.338003937926516,-0.31720411131784,-0.141469822950163,0.225538122814428,0.152843400275536,0.207671934494388,-0.192733409871819,0.0788808319847522,0.268957065936409,0.233490453465505,-0.306054442590338,-0.317218832864894,0.288618359842642,-0.00442352424800656,-0.364965827269459,-0.358424132887339,-0.168667160005232,-0.244356211152778,0.302886773123354,0.00502799287322971,-0.101886246472639,-0.284815651331655,0.283364241082339,0.035070346255665,0.0470149560086133,0.154482034783924,-0.269149133221686,-0.125135583211768,-0.308052840039933,0.0847028380979348,0.0430038799988863,0.0882614894669716,-0.141831402976063,0.133393696751004,-0.135912404400822,-0.346838008006787,0.269001698679219,0.266200777916264,0.248935505662256,0.0902820825198887,-0.169060213730225,0.189893309364612,-0.188217264849056,-0.221922754499275,0.353635375629222,0.270302085251906,0.240919968823107
"X.NAC..SN..193..1.0..0.002738.",0.0346998421873901,-0.0658908974020042,-0.324601658662486,-0.148999596039059,-0.0918356118440357,-0.161635444014496,0.0359167914795599,0.208249405136746,0.18853365241513,-0.0697244170636915,-0.0541548487562192,-0.194849090637363,0.0816257242049073,-0.235749447866576,0.0709166734482329,-0.177690218755315,0.119076568735651,0.183813202345428,-0.227237186368027,-0.132516354059331,-0.115321499006765,-0.232951026314407,-0.129207410291307,-0.350985003659521,-0.0781537550456413,0.0262534600995654,-0.0637759388264175,-0.081079974395062,-0.136138763099299,-0.202761316881469,0.0518169198546923,0.00554149952175903,-0.0807154285709479,-0.0543712453037751,-0.190617310061911,0.0927966735507434,-0.462387820461807,-0.0216428900759612,-0.042372964602896,-0.203972305486936,-0.194991370381196,-0.246028157500816,-0.114763153382753,-0.355438713651756,-0.211808246136993,0.178126197394217,-0.103482523931708,0.148958299414345,-0.216691906589933,-0.00695736055447535,0.0176871250578565,-0.310884710750853,0.0299518580131818,-0.181417683210132,0.0120928435477161,-0.160746197874225,-0.0794454431678503,-0.0745357027458496,-0.163346909149661,-0.230362429928638,0.00210114203117015,0.0540846085616698,-0.116523043813315,-0.289693277718762,0.0897412692957599,-0.211221180906416,-0.035052266581195,-0.277228100641263,-0.173200182790432,0.183721933478923,-0.0351614561042103,-0.079753384262697,-0.114347375365188,0.155716408787759,-0.0416820241568756,-0.0632677503495109,-0.0874021925781911,-0.241272117775287,-0.164928684829508,-0.159524725310656,-0.168796156096508,-0.145713494125068,0.0767045521373545,-0.151695389261956,-0.228644889342714,0.0722072144170157,-0.0259064400476734,-0.10238512656799,-0.0931484755090155,-0.195380533079353,-0.161113785191991,-0.193790944305749,-0.212514106388077,-0.252264749860929,0.00394923610872999,-0.0219020421561423,-0.123576341710935,-0.104652182666195,-0.0917233883680749,0.300104202062394,-0.115353224939574,-0.0662776572576589,-0.207882313120688,-0.0812397174426708,-0.32306170483943,-0.347262598850169,-0.252667512456004,-0.0399619089908952,0.101780428089406,-0.0673624245620966,0.0032169233919476,-0.224399127029294,-0.13088444941025,-0.0602627829173303,-0.0294597380370762,0.161939660552688,0.0423295685209905,-0.107326343991388,-0.203057489826496,-0.315036357979233,-0.22911624151204,-0.11499715481022,0.0290747918949882,-0.0833000665508103,0.0590233344289051,-0.200361684973222,-0.182947826652169,-0.179166298616037,-0.0471921691582081,-0.229406837214982,-0.161880828100494,-0.057027911732282,-0.0373176183833114
"X.NAC..CN..194..1.0..0.0.",0.318017789840669,-0.316715265577149,-0.286878296317345,-0.207901819645594,-0.201002147710756,-0.0462942270190579,0.306121141848632,0.159143009125273,0.290297835428307,-0.372522022748311,0.229495916374351,-0.334393761470144,0.337407627779749,0.0574061253837678,0.290905900625007,-0.460676712863731,0.278578961498343,0.359517403517723,-0.249986846008407,-0.482683301973787,-0.531519303100849,0.220267631501959,-0.518608021674856,-0.316892567887808,0.0341953906535869,0.258598838409316,-0.317403932230202,-0.387443365723721,-0.531127808971822,-0.425187467599697,0.326316702044408,0.298163430107747,-0.354391122275968,-0.384672824787121,0.198101633489326,0.272689973241715,-0.188222086754012,0.30529701542916,0.287758252729883,-0.0195981444118652,-0.45298655196653,-0.325207892944461,-0.395410616249492,-0.167464679900303,0.0387134924705062,0.259362721694437,-0.479495333370978,-0.0144649532410407,-0.176413502942956,0.280461212076213,0.221603304953968,-0.350537322325271,0.361812514890305,0.165825856511585,0.38477172755773,0.0529109060015074,0.26639551391743,0.319015122093641,-0.480134524660939,-0.32427749685749,0.319284828601923,0.312993977449923,0.225570413213508,-0.0563213252088949,0.278258521274312,0.167950827282293,-0.398777530596167,-0.114195552388423,-0.54841547884257,0.421830917582886,0.291018827346186,-0.472208831629956,0.109124382317058,0.345919790256389,-0.0543193944422595,-0.407486539344285,0.327964422299566,0.0859277501848481,-0.344575058822441,0.16585357427341,-0.46127445767938,-0.527793491082727,0.298606420825933,0.214707436180082,-0.379659700690247,0.451985230076899,0.267195863593728,-0.4458338440277,-0.309281900003398,0.088029100268182,-0.191337879958787,0.157625898194123,-0.167464995919093,-0.195148526722848,0.251490148042722,0.302030778970854,-0.422405077817091,-0.537239626519875,0.265501160546873,0.329213774339848,-0.231867250694888,-0.384553874220698,-0.442393408696356,-0.369653646128472,-0.0302370626901099,-0.38802579028488,-0.439794202131583,-0.393435707101737,0.41245144927952,-0.0945788827115842,0.158458326997974,-0.0919527761912294,-0.509068867702225,-0.224156823394659,-0.309753906415518,0.229216889184955,0.0590370059368597,0.25235022080397,-0.212122485280971,-0.219445077331361,-0.539369240533472,-0.307745739958403,0.265505533473448,0.234148041955672,0.285441153774282,0.141074301524121,-0.509621937113575,-0.0156870871567465,-0.30084768376142,-0.489469971147084,0.222664683832794,0.238809200304204,0.322417371051594
"X.NAC..CN..195..1.0..0.103895.",0.187268024900548,-0.0617879639696716,-0.176916916214884,0.0591071790944314,-0.21690820099821,0.0399362466856207,0.102354598258044,0.261749776132954,0.173842424094668,-0.166942117648506,0.160596496858492,0.0559831980477239,0.172157489049734,0.0535393637423956,0.184015215863021,0.00200653709944466,-0.0657576480007624,0.178456460557545,0.0139427573505416,-0.125516792309578,-0.0420352739698369,0.0744903459445658,-0.0471217410926493,-0.072765133911901,-0.0659108344836815,0.0666096470316424,-0.0321016210436464,-0.108096530896286,-0.0137463366506461,-0.0154621488859279,0.167763746293225,0.190916098380687,-0.076572553748693,-0.0826217990384449,-0.0871652159685287,0.189033666328869,-0.0514871808815752,0.220928303072279,0.172279170355757,0.0788447142935015,-0.20410366208904,-0.0447623242608431,0.0113409392653702,0.220279254891503,0.0716527014930598,0.191947563558974,-0.00896088520244875,0.11384164106061,0.00422836899401442,0.143764800759561,-0.0238784505913567,-0.122874910730274,0.184642400145778,0.0797746143499443,0.193129183692122,-0.137340138230958,0.133515365847438,0.228319694560393,-0.13996950877982,-0.24301866857222,0.192978140593953,0.194766515038497,0.131218072528432,0.130408942263326,0.142192587200536,0.153417679654672,-0.0456518477860319,-0.00169606281587478,-0.0845925262738232,0.226308847349546,0.204398295775444,-0.0417587788712039,0.133758968645687,0.189242441041153,-0.122936850156293,-0.10733172486618,0.179405454722777,0.0813845539820867,0.00905290150871056,0.135822660014041,0.0503620990408322,-0.00377088925013891,0.167282051365965,0.0635915567025956,-0.000826001651628161,0.177028207068502,0.162633273083676,0.00333538606599678,-0.183015299554861,0.1168974047673,-0.166278825349365,0.0927212961855449,0.0602983896557756,0.102466692613225,0.174824171180272,0.218294276314317,-0.0118640872077773,-0.0428140643926919,0.155324801944674,0.247255078742767,0.0212853622729347,-0.0587046557545718,-0.180715995625776,-0.130910246298835,-0.131811681271918,-0.00465079140433353,-0.0818393718014329,-0.105377895893066,0.126507550344457,-0.18723085245472,-0.0123130342312159,-0.138739950602831,-0.0806268680203934,-0.228503938283064,0.0360982688970597,0.124735740039238,-0.0229027814377995,0.147777485680069,0.0113578770154592,-0.0907597933962968,-0.0419238173284911,0.0594736884039489,0.133677380189924,0.192835139446082,0.137979722580399,0.128801659204906,-0.141014196063636,-0.126550114955589,-0.176286977315133,-0.0311030148309266,0.15468281110262,0.192308626076701,0.18779249171082
"X.NAC..SN..201..1.0..0.002198.",0.136890818115419,-0.0865536206107894,-0.0774503828057353,0.191697426215978,-0.283446906594439,0.115907828442706,0.0474928223917477,0.116610098299939,0.0640776911093913,-0.198574542139507,0.150847238143956,0.0918746965850937,0.124658522295474,0.231441730613589,0.19310256937346,-0.00992312338001501,-0.125762226678871,0.10225665274619,0.138398819041123,-0.162124345876074,-0.0515678082638844,0.310414427498818,-0.0507430243686855,0.126722470734198,0.0508722770999239,-0.0973540116355061,0.000373337515649615,-0.148495394884295,-0.0215059386761968,0.0872911248747468,0.117629011706478,0.218690791073729,-0.0619721874681601,-0.126506978079124,-0.150673713319884,0.130496736928594,-0.0324932205663302,0.256613574152681,0.166767088550016,0.221237665971116,-0.227314860562245,0.103663277573848,-0.00801931310568272,0.413764120213779,0.218460346287122,0.0972799240673812,0.0439761128917963,0.0632441503809968,0.136060494020589,0.169616981866998,-0.0678741671593422,-0.0896650429868459,0.221992710883825,0.225986817136993,0.335156281304739,-0.0133127941459397,0.147520713850451,0.309445679000769,-0.160053268766639,-0.302214399158555,0.200274597684359,0.224239060661837,0.261872951703795,0.308139001540359,0.0978206650202789,0.29008325788464,-0.0563481141369516,0.175414993870561,-0.107699932695821,0.0416627723637635,0.215217313931768,0.0452880800699003,0.305084614693415,0.0920669278975231,-0.158807850353085,-0.137415185510336,0.317865999307465,0.151482358285842,0.0487375401114636,0.288793398510702,0.0301570237283629,-0.0106385148597337,0.163438082867459,0.105623516309586,0.114129102884656,0.1649753672853,0.121930939811257,0.0490298901020541,-0.252372265227963,0.271385056576501,-0.265958226312839,0.215739353143328,0.102003107218341,0.140556429862878,0.143650324736832,0.264800816477442,0.0338273125483359,-0.0287779660800518,0.244514288266699,0.0321562101834719,0.0664238153959672,-0.0934345134619123,-0.173513563092348,-0.174050826794193,-0.23984766328749,0.0905503817876217,-0.149267417776757,-0.130643935134359,0.0739195541722736,-0.271058509471379,-0.081983759920488,-0.214569731583398,-0.114772919714467,-0.255459158893929,0.0429553969670672,0.0310979407369541,-0.112105607741423,0.258990834039394,0.123547702774094,0.124942260461655,0.0567337753999768,0.122064330265628,0.0331603666588473,0.262581710253818,0.116884541454018,0.227732545420525,-0.156248318950257,-0.192673869507202,-0.254152345879749,-0.00739748364439901,0.233991122668702,0.265307614441084,0.299756234797679
"X.NAC..CN..203..1.0..0.108372.",0.181514861488332,-0.104482100015588,-0.294159649644598,0.00343200172901662,-0.288953520920951,0.257414661288573,0.116234249073736,0.0728733844953514,0.157535544697606,-0.236115832937866,0.160398345857621,0.078751539232117,0.198476188326806,0.201489922491792,0.217317435351322,-0.100330483006466,-0.0801907107641647,0.117878921672962,0.0856046838641936,-0.210010114795026,-0.148379202115352,0.369758682387553,-0.179824297405186,-0.174237003553773,-0.0843739999775109,-0.0329096377882157,-0.108068424377297,-0.143442992213322,-0.126620504071498,-0.0392599688685009,0.200189807592014,0.256172447469458,-0.0843504579639981,-0.204753424972879,-0.121878281664222,0.162350108891706,-0.307735093233586,0.279614916665795,0.222033844450745,0.244224825207696,-0.23412166739124,-0.00345696634146875,-0.0141052397613086,0.0456857696436933,0.268618656931354,0.170325005731322,-0.120562294947836,-0.136677270939976,0.144149864608286,0.205210290907494,-0.0488779871356871,-0.178234842510517,0.32717095198042,0.259347166622038,0.257686673993506,0.0279733656182422,0.165357230725428,0.344887287835033,-0.199784603463736,-0.330967565898868,0.293522680377134,0.239277583546044,0.313704999020138,0.232649686441479,0.128742812702709,0.326477989913201,-0.14471931391385,0.189947980373026,-0.174690284242465,0.122194706527446,0.292701083577037,-0.118055684131089,0.339596852692268,0.209619799715511,-0.22665225232493,-0.188905392025944,0.368820354761306,0.22994007910389,0.0295353815715195,0.32079614801164,-0.102675422985665,-0.0555045275301469,0.211526848135448,0.0756890710588626,-0.0263651313084144,0.264156904307785,0.134772470170171,-0.0760519111633357,-0.254320668932729,0.235730085993412,-0.450825922245266,0.286272934561312,0.0377200404562472,0.089854823018577,0.22091341494833,0.33598449914347,-0.0537538413258243,-0.143542917042654,0.30838956345237,0.121851925816138,0.0037760382558054,-0.153406275884934,-0.241261412032052,-0.21502978127185,-0.318243764037333,-0.0028741773361655,-0.147834080739273,-0.157362388697198,0.144140811040156,-0.324726660397892,-0.176982035984712,-0.338090190133839,-0.183745982782208,-0.281147154334624,-0.149154427972843,0.0313971087493368,-0.282684892041144,0.422585746311906,0.231263236032986,0.00770927611461503,-0.0937634350001049,-0.0710116642560823,0.0245917081798881,0.28702226390951,0.156438788062896,0.30401415618734,-0.235805517984643,-0.31275079528678,-0.229884382870309,-0.0916266933078893,0.231442342591816,0.283563661524005,0.357029325063757
"X.NAC..SN..204..1.0..0.005963.",-0.394353613026239,0.21213570263873,0.369966274785616,-0.0409008436272969,0.415066310668109,0.023862568287508,-0.100911298457239,-0.457960123792239,-0.182687780514448,0.327537977243915,-0.201843658109988,-0.00367718103091849,-0.339759399414671,0.0239030222533718,-0.3724030845259,0.0992728019575679,0.11544380891587,-0.249201219378734,0.00165060751217595,0.279688530863116,0.258665943955169,0.00450062204873883,0.288658346905033,0.147290666809356,0.136436257476198,0.0152911302475022,0.194282061139925,0.342851473440488,0.18990939276045,0.0564546954786055,-0.233777300515075,-0.326986502977019,0.194732470737725,0.212257913925126,0.124837479631584,-0.243038830178764,0.079804269218972,-0.310956526363899,-0.272913811020815,-0.0224576364414458,0.386271994431838,0.0573260567695435,-0.000555739322616149,0.0751197166299338,0.015213284962304,-0.197212246927794,0.125831732637327,-0.0573456132604862,0.0666480633826253,-0.318209898472175,0.0702848331784088,0.259193503546963,-0.294363907819621,-0.122341860364088,-0.0447227794267943,0.47237820962075,-0.24765809404182,-0.273135168212787,0.35864171965865,0.393016054244797,-0.352506387289517,-0.378986348164484,-0.161107661678123,0.0485158396702059,-0.196220170872465,-0.109422536830448,0.236589939633368,0.0628513635573177,0.283664663968416,-0.319791558425618,-0.308707325790958,0.114665060000718,0.0849947738839138,-0.32601126674679,0.290800468222276,0.326739646766405,-0.0961690015393852,0.0182323396167288,0.044926089626769,-0.204132727257383,0.090387671274228,0.182179510377569,-0.262726255698405,-0.0174290976490238,-0.0105944856984292,-0.178781949471442,-0.188487320439613,0.0953973184764272,0.363837885088304,0.074646420364559,0.16800979768653,-0.0647507494965003,-0.0170303975302657,0.0917092471006858,-0.343129991504846,-0.321229763988722,0.0535143638468073,0.145607330926334,-0.241250181665475,-0.0361133846244065,0.0436628326229434,0.264094537671707,0.399186775410896,0.321991929419784,0.25465433910032,0.0128254592316344,0.228079227376034,0.287980640124736,-0.231822195568973,0.330636510031032,0.221236343702656,0.333061934970333,0.302234156519257,0.369948747549481,-0.000842210892601267,-0.165006920788219,0.118367321116194,-0.0232068393472418,-0.0561630149900949,0.0847779712742642,0.143810747461341,0.0657578964503088,-0.0228513037395897,-0.317088736651241,-0.283455123613834,-0.0179806952798687,0.338206796499685,0.165876827548691,0.383359411750094,0.123059479614012,-0.209406901811682,-0.368904296600173,-0.243254167228016
"X.test_NAC..SN..205..1.0..0.002711.",-0.121590236510987,0.141148602369872,0.182794495102564,-0.486979495698172,0.276264028871004,-0.340957713042753,-0.000759066901187484,-0.151545755751796,-0.00542309732682185,0.249430387552392,-0.0389618617043407,-0.124557378718332,-0.0971432892163451,-0.0642164130527473,-0.0947249715199234,0.0580477331827992,-0.0028775499872832,-0.00586082074292738,-0.200174215644328,0.275230150166292,0.215870122923551,-0.348928778286797,0.240031115355334,0.0344421802164582,-0.192605240573171,0.071249390123739,-0.0936755936324212,0.208051212620436,0.175051187724732,0.0632486784830086,-0.0167919368335002,-0.134492842817912,0.0140953831056144,0.18046746955133,0.13597058538298,-0.0342210612980882,0.015538341931419,-0.147487450135052,-0.0756361480396956,-0.313734295445325,0.362847235867714,0.103099956957931,-0.0465206093593187,-0.301743588644416,-0.523360016017874,0.0183815684023377,0.0911123869037214,-0.0358191603383146,0.0232522884244202,-0.043638582208306,0.134307810281811,0.22728068260214,-0.219256406403051,-0.116787608394274,-0.509671886765216,0.220945070941858,-0.0396964205806529,-0.311864299513627,0.362975612083601,0.319651117183974,-0.108984507995439,-0.139295359878419,-0.264951675313892,-0.0575665341754445,0.00775433442877722,-0.213691994836535,0.0214562312422159,-0.364536119885999,0.314684041357002,-0.0683921685663097,-0.114663107431866,0.117249966250881,-0.348305934961697,-0.0526603331983815,0.13900061778329,0.23241500234259,-0.381132939282498,-0.0175550288384043,-0.0868132048692098,-0.216799025032974,0.0539017194154622,0.156182628237601,-0.103745008633539,-0.0211767410097395,0.0937501651803405,-0.175428961933568,0.0352965255171757,-0.0338886272738935,0.28058393041867,-0.106860536244896,0.0312419984276365,-0.14448796632529,-0.397824823753081,0.0451727786104891,-0.0154402004181072,-0.23081947263911,-0.0206987037197586,0.230998709095985,-0.159998625305784,-0.150994937484608,-0.238621523001392,0.158358110786857,0.327213680526302,0.239058037431838,0.234298853686143,0.0943761730560561,0.413549167923506,0.195061730212101,-0.134035749709252,0.188293754266461,-0.0190700509861682,0.245778110166038,0.266985874310543,0.251937047896535,-0.172284820991739,-0.1359562693621,0.00932969650309693,-0.412706331363003,-0.119282249400603,0.138975850850338,0.213479554437369,-0.222881466896533,0.04192236937658,-0.174996961139057,0.00201117304365185,-0.254818890399673,0.318539877416935,0.195996762637658,0.259754667291375,0.235972310312253,-0.101960884387324,-0.16945253879885,-0.321940530658774
"X.NAC..CN..214..1.0..0.006375.",0.140776379097969,-0.110068560977509,-0.377386997517731,-0.163197005838554,-0.296115957013452,0.0448579561124366,0.0717307666982132,0.159239165140156,0.181135729038358,-0.238471715030774,0.0946972870866717,-0.0478900041364092,0.140003741463072,0.0770275735725205,0.175442008998473,-0.139589122768763,-0.0804423710993936,0.208313832374564,-0.0886932495827766,-0.214570377196595,-0.182436424849318,0.136776225500736,-0.198272497594956,-0.282254279807515,-0.205152271411471,-0.0673854859579526,-0.152282038654393,-0.195602111951319,-0.14895926260279,-0.119009558444521,0.197313759839098,0.205300384665987,-0.192498820563152,-0.158386993909006,-0.150733131349034,0.0988125965564786,-0.328793175942521,0.21564903374743,0.192462540284204,0.0759044419984352,-0.296467828047661,-0.0769999299195563,-0.11872463955435,-0.255435353802997,-0.0527921522906215,0.241532900870459,-0.0812111784909006,-0.00509430001962852,0.0430586841349004,0.192376905859473,-0.0594406195138511,-0.290417554835514,0.219478910290379,0.187399780719146,0.0623073690470572,-0.0402459454834718,0.107160172996612,0.274221504925115,-0.225154575612081,-0.338162883352108,0.259379139636308,0.229250365812727,0.213109356594739,0.131038503991304,0.128540925137388,0.185903131739411,-0.178397245083517,-0.0853607218890504,-0.212810878054512,0.253589674091353,0.252482212067572,-0.144553637000465,0.110494314191906,0.161598421815912,-0.0762511896813155,-0.166347793067452,0.179616750083618,0.118146517966437,-0.0774913451076504,0.135783140115841,-0.180935900509162,-0.135346687894085,0.125749211139091,-0.0518259685115052,-0.103906122283152,0.231593228340629,0.114083534644082,-0.140885871560056,-0.313906797013406,0.105472824139128,-0.472943240716571,0.193136372661032,-0.153978858874271,0.0412965945545588,0.158491630422485,0.229485923234782,-0.131127770488103,-0.124210412909228,0.184943841128852,0.189648438408356,-0.165890535328888,-0.130039423519041,-0.282227349758168,-0.191652498655718,-0.290987188520686,-0.183694665178146,-0.0854947323479808,-0.200444470243964,0.206876525470228,-0.345010911633061,-0.114737028831864,-0.279096904404075,-0.182104135142843,-0.28123651805409,-0.186928972035656,0.00343587532990786,-0.0743784698828359,0.198730070850165,0.0600209532502303,-0.0612490229074668,-0.122804944798694,-0.166487285644064,0.0699795316704513,0.237377022148021,0.139031863371893,0.169649351402754,-0.262896766908878,-0.304633869838716,-0.252389447598963,-0.118829506510636,0.169404236431116,0.202609146024236,0.225450425434508
"X.NAC..CN..223..1.0..0.137218.",-0.500691123443472,0.526360105566359,-0.198800782666454,0.388978146879416,0.184170066468481,0.0375993370071694,-0.533136518262406,-0.0350061550817135,-0.304053377367169,0.349446270520831,-0.568086937935169,0.209637823106101,-0.470556084303946,-0.379820269790917,-0.510604464547839,0.350914522928265,-0.0775774330638162,-0.298022693800127,0.196038671557365,0.277297077562364,0.282334759754174,-0.113748666957144,0.292179501335424,-0.140026365333402,0.493211653781308,-0.308407645963735,0.46653268580357,0.32794201627396,0.327480413174999,0.123262463706925,-0.500788369706864,-0.505862422297677,0.432182324679735,0.440152308380826,-0.444796045588531,-0.520085678685602,-0.210688156495655,-0.496798526961746,-0.578902184070981,-0.0442202313767519,0.113206049433085,-0.0196621547600529,0.324921248934872,-0.386766958925922,0.0284798575868405,-0.253080210070553,0.321056852667704,0.305906591087623,-0.0955824408057115,-0.50934573951122,-0.243545159919496,-0.0386694473868752,-0.513309439032175,-0.401631792977291,-0.239688252738247,-0.576411111694226,-0.587537423991811,-0.379368955545314,0.227603196560988,0.120647613562569,-0.476397236827717,-0.491414521824078,-0.310504190898873,-0.264020777711447,-0.5031766666251,-0.286492298410653,0.431589949580355,0.0948416574857825,0.210202091109007,-0.262289069557852,-0.526100213614972,0.352457167220657,-0.259058979627012,-0.517453295286624,0.285324989162232,0.386173888187732,-0.392194385109565,-0.538830468504703,0.234865540521643,-0.441615177705427,0.211263067042287,0.320160648075096,-0.545493608279283,-0.562357668938756,0.0488956327140177,-0.37219954270624,-0.516041825347298,0.357203464448499,0.233492861458882,-0.478829977380313,0.0809300243014616,-0.347791300819054,0.349207877561898,-0.190777534917066,-0.570680757770652,-0.501601383507842,0.347522923047555,0.342932203077864,-0.54795051584289,0.153487780425392,0.360433323682302,0.435258001668782,0.191188883871389,0.356558739082965,-0.251023942562299,-0.1589055299724,0.03530071766777,0.377892613851787,-0.2898742143167,0.108128545118096,0.105192077553796,0.0343968144322837,0.309552656249552,0.212169209697772,0.490182432403129,0.0471103851129449,0.332995605971926,-0.150592177331019,0.155131763559698,-0.220630682946656,0.12480467046677,0.355010829459575,-0.460840857656429,-0.486608575213302,-0.571353791703099,-0.185353406625326,0.237382748146726,-0.12492641184761,0.297426631257532,0.147317683931016,-0.557629101124456,-0.500158804950086,-0.434218949423306
"X.test_NAC..SN..225..1.0..0.0.",0.0313617307947235,-0.422155827528683,0.409278819796618,-0.276878031037824,-0.167062568728585,0.113741427880279,-0.0121568635211394,-0.243647945282105,-0.219532833541136,-0.235628094867329,0.262069361889281,0.0993369452583509,0.0722034536849972,0.45521454216711,0.0478812167453303,-0.0575263226073616,-0.344590879451443,-0.209187322140349,0.123342324544894,-0.0137186684970378,-0.0165880822264701,-0.186162670656234,-0.0375507641819364,0.485692100931059,-0.621417237828902,-0.0920103158560478,-0.323746906801247,-0.272562989611579,-0.0496378773077901,0.267707991334106,0.0338430687257193,0.0943323703518473,-0.365430333676906,-0.302756118697949,0.372796770592491,-0.0974562079065578,0.507083168595502,-0.00668861520240234,0.199525553293381,0.19394441018292,0.145604756927911,0.396564645067022,0.0129799589877821,-0.0622600615771706,-0.304434599173126,-0.378590876251473,-0.0122165156496424,-0.546791299746952,0.389016089058824,0.210159685174138,-0.148280876893266,0.542524773851371,0.0373097731860133,0.356640139878119,-0.342070170206998,0.430683205672142,0.245448795832752,-0.0712138549881055,0.0585573761268349,0.16496217005349,0.0278659222924739,0.00314646320206693,0.17716142781475,0.331916228575368,-0.022720420110166,0.207921344968689,-0.302855852797197,-0.215341855209245,0.0902111176216941,-0.56405651993794,0.104245436815379,-0.0073066752392401,-0.112475590873482,-0.0876204755972646,-0.568284519071554,-0.268567937296259,-0.0941023917481744,0.470633399278015,0.0778431134138692,0.337407552994869,0.289053504451511,-0.0653441558989368,0.0159279047841128,0.35481792170108,0.264110153945633,-0.290516913629389,0.122390006330769,-0.0188174096282475,-0.201683361658531,0.401707772291309,0.201507039977001,0.29877006436219,-0.340863813469453,0.416054925579907,0.221562867768819,0.067922578667661,0.0125847297589391,-0.000762079889180721,0.243803998754663,-0.491783722328954,-0.322066497595839,-0.338112631517795,0.136541983102689,-0.282794776786264,0.287194236174504,0.435359403595968,0.388593713477192,-0.331474513472598,-0.256882380503444,-0.180303170974199,-0.455338399813803,-0.0938208558809097,-0.0280037604517546,-0.205888466693011,-0.388268978723906,-0.518360635462238,-0.50256818798454,-0.103543937416812,0.163161200525625,0.542530465517887,0.244409653386059,-0.339602564393485,-0.0189832817887235,0.210754274192375,0.073565359793068,0.15971631509784,0.0502354461408915,-0.048892174660103,-0.253511035194596,0.252380882512245,0.299993671942305,0.195005100466809,-0.0271424739001217
